2026/09/12 13:05:27.019, 47, 2398 MHz, 0 %, 0 %, 9.59 W
2026/09/12 13:05:38.154, 52, 2398 MHz, 94 %, 0 %, 26.31 W
2026/09/12 13:05:49.259, 53, 2398 MHz, 94 %, 0 %, 26.66 W
2026/09/12 13:06:00.367, 55, 2392 MHz, 94 %, 0 %, 27.03 W
2026/09/12 13:06:11.466, 55, 2392 MHz, 94 %, 0 %, 27.04 W
2026/09/12 13:06:22.554, 56, 2392 MHz, 94 %, 0 %, 26.95 W
2026/09/12 13:06:33.646, 57, 2392 MHz, 95 %, 0 %, 28.23 W
2026/09/12 13:06:44.751, 57, 2392 MHz, 93 %, 0 %, 27.25 W
2026/09/12 13:06:55.841, 57, 2392 MHz, 94 %, 0 %, 27.26 W
2026/09/12 13:07:06.942, 58, 2392 MHz, 94 %, 0 %, 27.40 W
2026/09/12 13:07:18.064, 58, 2392 MHz, 94 %, 0 %, 27.43 W
2026/09/12 13:07:29.155, 58, 2392 MHz, 94 %, 0 %, 27.71 W
2026/09/12 13:07:40.241, 58, 2392 MHz, 94 %, 0 %, 27.66 W
2026/09/12 13:07:51.342, 59, 2392 MHz, 94 %, 0 %, 27.88 W
2026/09/12 13:08:02.437, 59, 2392 MHz, 94 %, 0 %, 27.81 W
2026/09/12 13:08:13.525, 59, 2392 MHz, 93 %, 0 %, 27.62 W
2026/09/12 13:08:24.625, 59, 2392 MHz, 95 %, 0 %, 27.86 W
2026/09/12 13:08:35.718, 60, 2392 MHz, 94 %, 0 %, 27.78 W
2026/09/12 13:08:46.815, 60, 2392 MHz, 94 %, 0 %, 28.02 W
2026/09/12 13:08:57.912, 60, 2392 MHz, 93 %, 0 %, 28.03 W
2026/09/12 13:09:09.007, 60, 2392 MHz, 93 %, 0 %, 28.17 W
2026/09/12 13:09:20.098, 60, 2392 MHz, 94 %, 0 %, 28.39 W
2026/09/12 13:09:31.187, 60, 2392 MHz, 94 %, 0 %, 28.18 W
2026/09/12 13:09:42.302, 61, 2392 MHz, 94 %, 0 %, 28.03 W
2026/09/12 13:09:53.391, 61, 2392 MHz, 94 %, 0 %, 28.23 W
2026/09/12 13:10:04.496, 61, 2392 MHz, 94 %, 0 %, 29.35 W
2026/09/12 13:10:15.589, 61, 2392 MHz, 94 %, 0 %, 28.27 W
2026/09/12 13:10:26.687, 61, 2392 MHz, 94 %, 0 %, 28.50 W
2026/09/12 13:10:37.788, 61, 2392 MHz, 94 %, 0 %, 28.36 W
2026/09/12 13:10:48.877, 60, 2392 MHz, 94 %, 0 %, 28.23 W
2026/09/12 13:10:59.970, 61, 2392 MHz, 95 %, 0 %, 28.44 W
2026/09/12 13:11:11.066, 61, 2392 MHz, 94 %, 0 %, 28.57 W
2026/09/12 13:11:22.156, 61, 2392 MHz, 95 %, 0 %, 28.50 W
2026/09/12 13:11:33.250, 61, 2392 MHz, 94 %, 0 %, 28.40 W
2026/09/12 13:11:44.343, 61, 2392 MHz, 94 %, 0 %, 28.37 W
2026/09/12 13:11:55.445, 61, 2392 MHz, 94 %, 0 %, 28.28 W
2026/09/12 13:12:06.540, 61, 2392 MHz, 94 %, 0 %, 28.71 W
2026/09/12 13:12:17.632, 61, 2392 MHz, 94 %, 0 %, 28.53 W
2026/09/12 13:12:28.728, 61, 2392 MHz, 95 %, 0 %, 28.80 W
2026/09/12 13:12:39.823, 61, 2392 MHz, 94 %, 0 %, 28.59 W
2026/09/12 13:12:50.913, 61, 2392 MHz, 94 %, 0 %, 28.53 W
2026/09/12 13:13:02.000, 62, 2392 MHz, 94 %, 0 %, 28.60 W
2026/09/12 13:13:13.093, 62, 2392 MHz, 94 %, 0 %, 28.61 W
2026/09/12 13:13:24.198, 62, 2392 MHz, 95 %, 0 %, 28.54 W
2026/09/12 13:13:35.307, 61, 2392 MHz, 94 %, 0 %, 28.53 W
2026/09/12 13:13:46.393, 62, 2392 MHz, 94 %, 0 %, 28.75 W
2026/09/12 13:13:57.495, 62, 2392 MHz, 94 %, 0 %, 28.59 W
2026/09/12 13:14:08.585, 62, 2392 MHz, 94 %, 0 %, 28.56 W
2026/09/12 13:14:19.682, 62, 2392 MHz, 94 %, 0 %, 28.34 W
2026/09/12 13:14:30.769, 62, 2392 MHz, 93 %, 0 %, 28.48 W
2026/09/12 13:14:41.860, 62, 2392 MHz, 93 %, 0 %, 28.64 W
2026/09/12 13:14:52.956, 62, 2392 MHz, 94 %, 0 %, 28.58 W
2026/09/12 13:15:04.044, 62, 2392 MHz, 95 %, 0 %, 28.54 W
2026/09/12 13:15:15.145, 61, 2392 MHz, 94 %, 0 %, 28.79 W
2026/09/12 13:15:26.240, 62, 2392 MHz, 94 %, 0 %, 28.64 W
2026/09/12 13:15:37.334, 62, 2392 MHz, 94 %, 0 %, 28.78 W
2026/09/12 13:15:48.430, 62, 2392 MHz, 94 %, 0 %, 28.42 W
2026/09/12 13:15:59.530, 62, 2392 MHz, 94 %, 0 %, 28.50 W
2026/09/12 13:16:10.618, 62, 2392 MHz, 94 %, 0 %, 28.69 W
2026/09/12 13:16:21.716, 62, 2392 MHz, 94 %, 0 %, 28.54 W
2026/09/12 13:16:32.815, 62, 2392 MHz, 94 %, 0 %, 28.53 W
2026/09/12 13:16:43.903, 62, 2392 MHz, 94 %, 0 %, 28.74 W
2026/09/12 13:16:55.002, 62, 2392 MHz, 94 %, 0 %, 28.88 W
2026/09/12 13:17:06.102, 62, 2392 MHz, 93 %, 0 %, 28.69 W
2026/09/12 13:17:17.187, 62, 2392 MHz, 93 %, 0 %, 28.65 W
2026/09/12 13:17:28.282, 62, 2392 MHz, 93 %, 0 %, 28.87 W
2026/09/12 13:17:39.377, 62, 2392 MHz, 93 %, 0 %, 28.33 W
2026/09/12 13:17:50.500, 62, 2392 MHz, 94 %, 0 %, 28.59 W
2026/09/12 13:18:01.588, 62, 2392 MHz, 93 %, 0 %, 28.53 W
2026/09/12 13:18:12.687, 62, 2392 MHz, 94 %, 0 %, 28.89 W
2026/09/12 13:18:23.781, 62, 2392 MHz, 93 %, 0 %, 28.41 W
2026/09/12 13:18:34.874, 62, 2392 MHz, 94 %, 0 %, 28.61 W
2026/09/12 13:18:45.970, 62, 2392 MHz, 94 %, 0 %, 28.45 W
2026/09/12 13:18:57.057, 62, 2392 MHz, 93 %, 0 %, 28.53 W
2026/09/12 13:19:08.146, 62, 2392 MHz, 94 %, 0 %, 28.71 W
2026/09/12 13:19:19.244, 62, 2392 MHz, 94 %, 0 %, 28.57 W
2026/09/12 13:19:30.338, 62, 2392 MHz, 93 %, 0 %, 28.55 W
2026/09/12 13:19:41.430, 62, 2392 MHz, 94 %, 0 %, 28.61 W
2026/09/12 13:19:52.522, 62, 2392 MHz, 94 %, 0 %, 28.69 W
2026/09/12 13:20:03.618, 62, 2392 MHz, 94 %, 0 %, 28.59 W
2026/09/12 13:20:14.715, 62, 2392 MHz, 94 %, 0 %, 29.21 W
2026/09/12 13:20:25.802, 62, 2392 MHz, 93 %, 0 %, 28.57 W
2026/09/12 13:20:36.896, 62, 2392 MHz, 94 %, 0 %, 28.93 W
2026/09/12 13:20:47.990, 62, 2392 MHz, 94 %, 0 %, 28.52 W
2026/09/12 13:20:59.094, 63, 2392 MHz, 95 %, 0 %, 29.23 W
2026/09/12 13:21:10.194, 62, 2392 MHz, 93 %, 0 %, 28.72 W
2026/09/12 13:21:21.301, 62, 2392 MHz, 94 %, 0 %, 28.72 W
2026/09/12 13:21:32.398, 62, 2392 MHz, 95 %, 0 %, 28.75 W
2026/09/12 13:21:43.494, 62, 2392 MHz, 93 %, 0 %, 29.38 W
2026/09/12 13:21:54.591, 62, 2392 MHz, 95 %, 0 %, 28.63 W
2026/09/12 13:22:05.689, 62, 2392 MHz, 94 %, 0 %, 28.77 W
2026/09/12 13:22:16.785, 62, 2392 MHz, 94 %, 0 %, 28.93 W
2026/09/12 13:22:27.886, 62, 2392 MHz, 94 %, 0 %, 28.80 W
2026/09/12 13:22:38.980, 62, 2392 MHz, 94 %, 0 %, 28.93 W
2026/09/12 13:22:50.079, 62, 2392 MHz, 94 %, 0 %, 28.76 W
2026/09/12 13:23:01.175, 62, 2392 MHz, 94 %, 0 %, 28.66 W
2026/09/12 13:23:12.271, 62, 2392 MHz, 94 %, 0 %, 28.69 W
2026/09/12 13:23:23.368, 62, 2392 MHz, 94 %, 0 %, 28.97 W
2026/09/12 13:23:34.459, 62, 2392 MHz, 95 %, 0 %, 29.95 W
2026/09/12 13:23:45.559, 62, 2392 MHz, 94 %, 0 %, 28.92 W
2026/09/12 13:23:56.660, 62, 2392 MHz, 93 %, 0 %, 28.99 W
2026/09/12 13:24:07.763, 62, 2392 MHz, 93 %, 0 %, 28.55 W
2026/09/12 13:24:18.851, 62, 2392 MHz, 95 %, 0 %, 29.96 W
2026/09/12 13:24:29.950, 62, 2392 MHz, 93 %, 0 %, 28.76 W
2026/09/12 13:24:41.055, 62, 2392 MHz, 93 %, 0 %, 28.58 W
2026/09/12 13:24:52.152, 62, 2392 MHz, 94 %, 0 %, 28.64 W
2026/09/12 13:25:03.242, 62, 2392 MHz, 94 %, 0 %, 28.83 W
2026/09/12 13:25:14.343, 62, 2392 MHz, 94 %, 0 %, 28.94 W
2026/09/12 13:25:25.433, 61, 2392 MHz, 93 %, 0 %, 28.43 W
2026/09/12 13:25:36.523, 62, 2392 MHz, 94 %, 0 %, 28.73 W
2026/09/12 13:25:47.616, 62, 2392 MHz, 94 %, 0 %, 28.62 W
2026/09/12 13:25:58.707, 62, 2392 MHz, 94 %, 0 %, 28.66 W
2026/09/12 13:26:09.801, 62, 2392 MHz, 94 %, 0 %, 28.79 W
2026/09/12 13:26:20.897, 62, 2392 MHz, 94 %, 0 %, 28.82 W
2026/09/12 13:26:31.994, 62, 2392 MHz, 94 %, 0 %, 28.52 W
2026/09/12 13:26:43.085, 62, 2392 MHz, 94 %, 0 %, 28.80 W
2026/09/12 13:26:54.171, 61, 2392 MHz, 94 %, 0 %, 28.66 W
2026/09/12 13:27:05.271, 61, 2392 MHz, 94 %, 0 %, 28.60 W
2026/09/12 13:27:16.373, 62, 2392 MHz, 94 %, 0 %, 28.64 W
2026/09/12 13:27:27.478, 62, 2392 MHz, 93 %, 0 %, 28.71 W
2026/09/12 13:27:38.574, 62, 2392 MHz, 95 %, 0 %, 28.78 W
2026/09/12 13:27:49.665, 62, 2392 MHz, 94 %, 0 %, 28.92 W
2026/09/12 13:28:00.763, 62, 2392 MHz, 94 %, 0 %, 28.51 W
2026/09/12 13:28:11.865, 62, 2392 MHz, 95 %, 0 %, 28.59 W
2026/09/12 13:28:22.966, 62, 2392 MHz, 94 %, 0 %, 28.77 W
2026/09/12 13:28:34.051, 62, 2392 MHz, 94 %, 0 %, 28.63 W
2026/09/12 13:28:45.149, 62, 2392 MHz, 94 %, 0 %, 29.03 W
2026/09/12 13:28:56.251, 62, 2392 MHz, 94 %, 0 %, 28.71 W
2026/09/12 13:29:07.340, 61, 2392 MHz, 94 %, 0 %, 28.69 W
2026/09/12 13:29:18.437, 62, 2392 MHz, 93 %, 0 %, 29.92 W
2026/09/12 13:29:29.539, 62, 2392 MHz, 94 %, 0 %, 28.59 W
2026/09/12 13:29:40.637, 62, 2392 MHz, 94 %, 0 %, 28.84 W
2026/09/12 13:29:51.727, 62, 2392 MHz, 94 %, 0 %, 28.64 W
2026/09/12 13:30:02.821, 62, 2392 MHz, 94 %, 0 %, 28.66 W
2026/09/12 13:30:13.921, 62, 2392 MHz, 94 %, 0 %, 28.81 W
2026/09/12 13:30:25.021, 62, 2392 MHz, 94 %, 0 %, 28.66 W
2026/09/12 13:30:36.112, 62, 2392 MHz, 95 %, 0 %, 28.72 W
2026/09/12 13:30:47.207, 62, 2392 MHz, 95 %, 0 %, 28.80 W
2026/09/12 13:30:58.310, 62, 2392 MHz, 94 %, 0 %, 28.46 W
2026/09/12 13:31:09.402, 62, 2392 MHz, 94 %, 0 %, 28.52 W
2026/09/12 13:31:20.496, 62, 2392 MHz, 95 %, 0 %, 28.85 W
2026/09/12 13:31:31.586, 62, 2392 MHz, 94 %, 0 %, 28.81 W
2026/09/12 13:31:42.683, 62, 2392 MHz, 94 %, 0 %, 28.39 W
2026/09/12 13:31:53.783, 62, 2392 MHz, 94 %, 0 %, 28.60 W
2026/09/12 13:32:04.881, 62, 2392 MHz, 94 %, 0 %, 28.72 W
2026/09/12 13:32:15.979, 62, 2392 MHz, 94 %, 0 %, 28.87 W
2026/09/12 13:32:27.068, 62, 2392 MHz, 94 %, 0 %, 28.74 W
2026/09/12 13:32:38.166, 62, 2392 MHz, 94 %, 0 %, 28.98 W
2026/09/12 13:32:49.262, 62, 2392 MHz, 95 %, 0 %, 28.77 W
2026/09/12 13:33:00.347, 62, 2392 MHz, 94 %, 0 %, 28.83 W
2026/09/12 13:33:11.445, 62, 2392 MHz, 94 %, 0 %, 28.80 W
2026/09/12 13:33:22.550, 62, 2392 MHz, 94 %, 0 %, 29.00 W
2026/09/12 13:33:33.637, 62, 2385 MHz, 94 %, 0 %, 28.95 W
2026/09/12 13:33:44.728, 63, 2385 MHz, 95 %, 0 %, 29.27 W
2026/09/12 13:33:55.822, 62, 2385 MHz, 94 %, 0 %, 29.11 W
2026/09/12 13:34:06.922, 63, 2385 MHz, 94 %, 0 %, 29.17 W
2026/09/12 13:34:18.011, 62, 2392 MHz, 94 %, 0 %, 28.76 W
2026/09/12 13:34:29.113, 62, 2392 MHz, 95 %, 0 %, 28.84 W
2026/09/12 13:34:40.200, 62, 2392 MHz, 94 %, 0 %, 28.86 W
2026/09/12 13:34:51.312, 62, 2392 MHz, 94 %, 0 %, 28.90 W
2026/09/12 13:35:02.408, 62, 2392 MHz, 95 %, 0 %, 28.76 W
2026/09/12 13:35:13.499, 62, 2392 MHz, 94 %, 0 %, 28.68 W
2026/09/12 13:35:24.594, 62, 2392 MHz, 95 %, 0 %, 28.78 W
2026/09/12 13:35:35.686, 62, 2385 MHz, 93 %, 0 %, 28.86 W
2026/09/12 13:35:46.782, 63, 2385 MHz, 93 %, 0 %, 30.14 W
2026/09/12 13:35:57.877, 63, 2385 MHz, 94 %, 0 %, 29.29 W
2026/09/12 13:36:08.968, 63, 2385 MHz, 94 %, 0 %, 29.10 W
2026/09/12 13:36:20.055, 63, 2385 MHz, 94 %, 0 %, 29.10 W
2026/09/12 13:36:31.149, 62, 2385 MHz, 94 %, 0 %, 29.04 W
2026/09/12 13:36:42.240, 63, 2385 MHz, 94 %, 0 %, 29.06 W
2026/09/12 13:36:53.332, 63, 2385 MHz, 94 %, 0 %, 29.05 W
2026/09/12 13:37:04.428, 62, 2385 MHz, 94 %, 0 %, 28.79 W
2026/09/12 13:37:15.517, 62, 2385 MHz, 94 %, 0 %, 29.02 W
2026/09/12 13:37:26.614, 63, 2385 MHz, 95 %, 0 %, 29.37 W
2026/09/12 13:37:37.711, 63, 2385 MHz, 94 %, 0 %, 29.23 W
2026/09/12 13:37:48.797, 62, 2385 MHz, 94 %, 0 %, 28.88 W
2026/09/12 13:37:59.906, 62, 2385 MHz, 94 %, 0 %, 29.18 W
2026/09/12 13:38:10.994, 62, 2385 MHz, 93 %, 0 %, 28.92 W
2026/09/12 13:38:22.093, 62, 2385 MHz, 94 %, 0 %, 29.05 W
2026/09/12 13:38:33.185, 62, 2392 MHz, 95 %, 0 %, 29.77 W
2026/09/12 13:38:44.272, 62, 2392 MHz, 94 %, 0 %, 28.66 W
2026/09/12 13:38:55.371, 62, 2392 MHz, 95 %, 0 %, 28.79 W
2026/09/12 13:39:06.463, 62, 2385 MHz, 94 %, 0 %, 29.92 W
2026/09/12 13:39:17.558, 62, 2392 MHz, 94 %, 0 %, 28.79 W
2026/09/12 13:39:28.656, 62, 2392 MHz, 94 %, 0 %, 28.62 W
2026/09/12 13:39:39.750, 62, 2392 MHz, 94 %, 0 %, 28.92 W
2026/09/12 13:39:50.858, 62, 2392 MHz, 95 %, 0 %, 28.67 W
2026/09/12 13:40:01.958, 62, 2392 MHz, 94 %, 0 %, 28.72 W
2026/09/12 13:40:13.050, 62, 2392 MHz, 95 %, 0 %, 28.66 W
2026/09/12 13:40:24.151, 62, 2392 MHz, 93 %, 0 %, 29.84 W
2026/09/12 13:40:35.246, 62, 2392 MHz, 94 %, 0 %, 28.78 W
2026/09/12 13:40:46.349, 62, 2392 MHz, 94 %, 0 %, 28.81 W
2026/09/12 13:40:57.435, 62, 2392 MHz, 94 %, 0 %, 28.71 W
2026/09/12 13:41:08.532, 62, 2392 MHz, 94 %, 0 %, 28.73 W
2026/09/12 13:41:19.620, 62, 2392 MHz, 94 %, 0 %, 28.72 W
2026/09/12 13:41:30.708, 62, 2392 MHz, 94 %, 0 %, 28.71 W
2026/09/12 13:41:41.796, 62, 2392 MHz, 94 %, 0 %, 28.40 W
2026/09/12 13:41:52.890, 62, 2392 MHz, 94 %, 0 %, 28.50 W
2026/09/12 13:42:03.979, 62, 2392 MHz, 94 %, 0 %, 28.65 W
2026/09/12 13:42:15.070, 62, 2392 MHz, 95 %, 0 %, 28.77 W
2026/09/12 13:42:26.161, 62, 2392 MHz, 94 %, 0 %, 28.61 W
2026/09/12 13:42:37.246, 62, 2392 MHz, 94 %, 0 %, 28.53 W
2026/09/12 13:42:48.344, 62, 2392 MHz, 94 %, 0 %, 28.36 W
2026/09/12 13:42:59.440, 62, 2392 MHz, 95 %, 0 %, 28.36 W
2026/09/12 13:43:10.529, 62, 2392 MHz, 94 %, 0 %, 28.55 W
2026/09/12 13:43:21.624, 62, 2392 MHz, 94 %, 0 %, 28.53 W
2026/09/12 13:43:32.714, 62, 2392 MHz, 94 %, 0 %, 28.58 W
2026/09/12 13:43:43.811, 62, 2392 MHz, 94 %, 0 %, 28.67 W
2026/09/12 13:43:54.902, 62, 2392 MHz, 95 %, 0 %, 28.81 W
2026/09/12 13:44:06.002, 62, 2392 MHz, 94 %, 0 %, 28.63 W
2026/09/12 13:44:17.092, 62, 2392 MHz, 94 %, 0 %, 28.58 W
2026/09/12 13:44:28.176, 62, 2392 MHz, 94 %, 0 %, 28.53 W
2026/09/12 13:44:39.270, 62, 2392 MHz, 94 %, 0 %, 28.69 W
2026/09/12 13:44:50.370, 62, 2392 MHz, 94 %, 0 %, 28.89 W
2026/09/12 13:45:01.463, 62, 2392 MHz, 94 %, 0 %, 28.70 W
2026/09/12 13:45:12.558, 62, 2392 MHz, 94 %, 0 %, 28.82 W
2026/09/12 13:45:23.654, 62, 2392 MHz, 94 %, 0 %, 28.88 W
2026/09/12 13:45:34.745, 62, 2392 MHz, 94 %, 0 %, 28.53 W
2026/09/12 13:45:45.839, 62, 2392 MHz, 94 %, 0 %, 28.71 W
2026/09/12 13:45:56.942, 63, 2392 MHz, 93 %, 0 %, 29.97 W
2026/09/12 13:46:08.048, 62, 2392 MHz, 94 %, 0 %, 28.74 W
2026/09/12 13:46:19.141, 62, 2392 MHz, 94 %, 0 %, 28.61 W
2026/09/12 13:46:30.240, 62, 2392 MHz, 94 %, 0 %, 28.67 W
2026/09/12 13:46:41.339, 62, 2392 MHz, 94 %, 0 %, 28.76 W
2026/09/12 13:46:52.434, 62, 2392 MHz, 94 %, 0 %, 28.70 W
2026/09/12 13:47:03.533, 62, 2392 MHz, 94 %, 0 %, 28.92 W
2026/09/12 13:47:14.626, 62, 2392 MHz, 94 %, 0 %, 28.80 W
2026/09/12 13:47:25.723, 62, 2392 MHz, 94 %, 0 %, 28.82 W
2026/09/12 13:47:36.812, 62, 2392 MHz, 94 %, 0 %, 28.53 W
2026/09/12 13:47:47.908, 62, 2392 MHz, 94 %, 0 %, 28.88 W
2026/09/12 13:47:59.014, 62, 2392 MHz, 94 %, 0 %, 28.79 W
2026/09/12 13:48:10.111, 62, 2392 MHz, 94 %, 0 %, 28.83 W
2026/09/12 13:48:21.215, 62, 2385 MHz, 94 %, 0 %, 28.96 W
2026/09/12 13:48:32.302, 62, 2385 MHz, 94 %, 0 %, 28.93 W
2026/09/12 13:48:43.411, 62, 2392 MHz, 95 %, 0 %, 28.83 W
2026/09/12 13:48:54.513, 62, 2392 MHz, 94 %, 0 %, 28.65 W
2026/09/12 13:49:05.619, 62, 2392 MHz, 94 %, 0 %, 28.80 W
2026/09/12 13:49:16.713, 62, 2392 MHz, 94 %, 0 %, 28.90 W
2026/09/12 13:49:27.804, 62, 2392 MHz, 94 %, 0 %, 28.75 W
2026/09/12 13:49:38.899, 62, 2392 MHz, 93 %, 0 %, 28.67 W
2026/09/12 13:49:49.996, 62, 2392 MHz, 94 %, 0 %, 28.62 W
2026/09/12 13:50:01.092, 62, 2392 MHz, 93 %, 0 %, 28.71 W
2026/09/12 13:50:12.185, 62, 2392 MHz, 93 %, 0 %, 28.81 W
2026/09/12 13:50:23.281, 62, 2392 MHz, 94 %, 0 %, 28.81 W
2026/09/12 13:50:34.373, 62, 2392 MHz, 94 %, 0 %, 28.91 W
2026/09/12 13:50:45.457, 63, 2392 MHz, 94 %, 0 %, 28.92 W
2026/09/12 13:50:56.555, 63, 2392 MHz, 94 %, 0 %, 28.79 W
2026/09/12 13:51:07.649, 63, 2392 MHz, 95 %, 0 %, 28.63 W
2026/09/12 13:51:18.746, 62, 2392 MHz, 94 %, 0 %, 29.10 W
2026/09/12 13:51:29.846, 63, 2392 MHz, 93 %, 0 %, 28.90 W
2026/09/12 13:51:40.936, 62, 2392 MHz, 94 %, 0 %, 28.80 W
2026/09/12 13:51:52.016, 63, 2385 MHz, 95 %, 0 %, 30.25 W
2026/09/12 13:52:03.112, 63, 2392 MHz, 94 %, 0 %, 29.11 W
2026/09/12 13:52:14.209, 63, 2392 MHz, 94 %, 0 %, 29.11 W
2026/09/12 13:52:25.301, 63, 2392 MHz, 94 %, 0 %, 29.00 W
2026/09/12 13:52:36.403, 62, 2392 MHz, 93 %, 0 %, 28.80 W
2026/09/12 13:52:47.490, 63, 2392 MHz, 94 %, 0 %, 28.76 W
2026/09/12 13:52:58.577, 63, 2392 MHz, 94 %, 0 %, 28.75 W
2026/09/12 13:53:09.670, 63, 2385 MHz, 94 %, 0 %, 29.33 W
2026/09/12 13:53:20.778, 63, 2392 MHz, 94 %, 0 %, 29.98 W
2026/09/12 13:53:31.869, 62, 2392 MHz, 94 %, 0 %, 28.80 W
2026/09/12 13:53:42.960, 62, 2392 MHz, 94 %, 0 %, 28.85 W
2026/09/12 13:53:54.054, 62, 2392 MHz, 94 %, 0 %, 28.83 W
2026/09/12 13:54:05.139, 63, 2392 MHz, 94 %, 0 %, 28.69 W
2026/09/12 13:54:16.234, 62, 2392 MHz, 93 %, 0 %, 28.65 W
2026/09/12 13:54:27.328, 62, 2392 MHz, 94 %, 0 %, 28.86 W
2026/09/12 13:54:38.433, 62, 2392 MHz, 94 %, 0 %, 28.96 W
2026/09/12 13:54:49.529, 62, 2392 MHz, 94 %, 0 %, 28.85 W
2026/09/12 13:55:00.622, 62, 2392 MHz, 95 %, 0 %, 28.59 W
2026/09/12 13:55:11.715, 62, 2392 MHz, 93 %, 0 %, 28.84 W
2026/09/12 13:55:22.807, 62, 2392 MHz, 95 %, 0 %, 29.01 W
2026/09/12 13:55:33.907, 62, 2392 MHz, 94 %, 0 %, 28.91 W
2026/09/12 13:55:44.996, 62, 2392 MHz, 94 %, 0 %, 28.38 W
2026/09/12 13:55:56.094, 62, 2392 MHz, 94 %, 0 %, 28.77 W
2026/09/12 13:56:07.188, 62, 2392 MHz, 93 %, 0 %, 28.80 W
2026/09/12 13:56:18.283, 62, 2392 MHz, 95 %, 0 %, 28.76 W
2026/09/12 13:56:29.372, 62, 2392 MHz, 94 %, 0 %, 29.12 W
2026/09/12 13:56:40.464, 62, 2392 MHz, 94 %, 0 %, 28.79 W
2026/09/12 13:56:51.558, 62, 2392 MHz, 94 %, 0 %, 28.71 W
2026/09/12 13:57:02.667, 62, 2392 MHz, 94 %, 0 %, 28.40 W
2026/09/12 13:57:13.760, 62, 2392 MHz, 94 %, 0 %, 28.67 W
2026/09/12 13:57:24.852, 62, 2392 MHz, 93 %, 0 %, 28.55 W
2026/09/12 13:57:35.940, 62, 2392 MHz, 94 %, 0 %, 28.90 W
2026/09/12 13:57:47.041, 62, 2385 MHz, 94 %, 0 %, 30.11 W
2026/09/12 13:57:58.134, 62, 2392 MHz, 94 %, 0 %, 28.75 W
2026/09/12 13:58:09.227, 62, 2392 MHz, 94 %, 0 %, 28.94 W
2026/09/12 13:58:20.324, 62, 2392 MHz, 95 %, 0 %, 28.64 W
2026/09/12 13:58:31.418, 62, 2392 MHz, 94 %, 0 %, 28.70 W
2026/09/12 13:58:42.513, 62, 2392 MHz, 94 %, 0 %, 28.64 W
2026/09/12 13:58:53.599, 62, 2392 MHz, 94 %, 0 %, 28.56 W
2026/09/12 13:59:04.697, 62, 2392 MHz, 93 %, 0 %, 28.73 W
2026/09/12 13:59:15.780, 62, 2392 MHz, 94 %, 0 %, 28.61 W
2026/09/12 13:59:26.877, 62, 2392 MHz, 93 %, 0 %, 28.39 W
2026/09/12 13:59:37.969, 62, 2392 MHz, 94 %, 0 %, 28.78 W
2026/09/12 13:59:49.068, 62, 2392 MHz, 94 %, 0 %, 28.72 W
2026/09/12 14:00:00.165, 62, 2392 MHz, 94 %, 0 %, 28.69 W
2026/09/12 14:00:11.270, 62, 2392 MHz, 94 %, 0 %, 28.71 W
2026/09/12 14:00:22.367, 62, 2392 MHz, 93 %, 0 %, 28.66 W
2026/09/12 14:00:33.459, 62, 2392 MHz, 94 %, 0 %, 28.68 W
2026/09/12 14:00:44.556, 62, 2392 MHz, 94 %, 0 %, 28.72 W
2026/09/12 14:00:55.652, 62, 2392 MHz, 95 %, 0 %, 28.65 W
2026/09/12 14:01:06.754, 62, 2392 MHz, 95 %, 0 %, 29.16 W
2026/09/12 14:01:17.852, 62, 2392 MHz, 94 %, 0 %, 28.83 W
2026/09/12 14:01:28.945, 62, 2392 MHz, 94 %, 0 %, 28.83 W
2026/09/12 14:01:40.038, 62, 2392 MHz, 94 %, 0 %, 29.03 W
2026/09/12 14:01:51.140, 62, 2392 MHz, 94 %, 0 %, 28.89 W
2026/09/12 14:02:02.243, 62, 2392 MHz, 94 %, 0 %, 29.64 W
2026/09/12 14:02:13.348, 62, 2392 MHz, 94 %, 0 %, 28.80 W
2026/09/12 14:02:24.449, 62, 2392 MHz, 94 %, 0 %, 28.78 W
2026/09/12 14:02:35.541, 62, 2392 MHz, 94 %, 0 %, 28.92 W
2026/09/12 14:02:46.636, 62, 2392 MHz, 94 %, 0 %, 28.69 W
2026/09/12 14:02:57.726, 62, 2392 MHz, 95 %, 0 %, 28.72 W
2026/09/12 14:03:08.823, 62, 2392 MHz, 95 %, 0 %, 28.71 W
2026/09/12 14:03:19.917, 62, 2392 MHz, 94 %, 0 %, 28.82 W
2026/09/12 14:03:31.014, 62, 2392 MHz, 94 %, 0 %, 28.77 W
2026/09/12 14:03:42.100, 62, 2392 MHz, 95 %, 0 %, 29.94 W
2026/09/12 14:03:53.201, 62, 2392 MHz, 94 %, 0 %, 28.75 W
2026/09/12 14:04:04.297, 62, 2392 MHz, 94 %, 0 %, 28.90 W
2026/09/12 14:04:15.403, 62, 2392 MHz, 94 %, 0 %, 28.72 W
2026/09/12 14:04:26.493, 62, 2392 MHz, 94 %, 0 %, 29.73 W
2026/09/12 14:04:37.599, 62, 2392 MHz, 94 %, 0 %, 28.77 W
2026/09/12 14:04:48.698, 62, 2392 MHz, 94 %, 0 %, 28.84 W
2026/09/12 14:04:59.802, 62, 2392 MHz, 94 %, 0 %, 28.52 W
2026/09/12 14:05:10.899, 62, 2392 MHz, 94 %, 0 %, 28.55 W
2026/09/12 14:05:21.997, 62, 2392 MHz, 95 %, 0 %, 28.56 W
